chrID,rsID,position,pvalue
1,rs3094315,742429,0.144586
1,rs3115860,743268,0.230022
1,rs12562034,758311,0.644366
1,rs12124819,766409,0.146269
1,rs4475691,836671,0.458197
1,rs28705211,890368,0.362731
1,rs13303118,908247,0.22912
1,rs9777703,918699,0.37948
1,rs3121567,933331,0.440824
1,rs3934834,995669,0.240794
1,rs9442372,1008567,0.793071
1,rs3737728,1011278,0.567487
1,rs6687776,1020428,0.0503809
1,rs9651273,1021403,0.840025
1,rs4970405,1038818,0.0259285
1,rs12726255,1039813,0.0367082
1,rs11807848,1051029,0.223695
1,rs9442373,1052501,0.418659
1,rs2298217,1054842,0.19577
1,rs12145826,1055892,0.511306
1,rs9442380,1077546,0.419172
1,rs7553429,1080420,0.17506
1,rs9660710,1089205,0.634246
1,rs4970420,1096336,0.788944
1,rs1320565,1109721,0.648543
1,rs11260549,1111657,0.0384483
1,rs9729550,1125105,0.290428
1,rs11721,1142494,0.491816
1,rs2887286,1145994,0.67171
1,rs3813199,1148140,0.0514313
1,rs3766186,1152298,0.109598
1,rs7515488,1153667,0.119291
1,rs6675798,1166460,0.549503
1,rs7524470,1182378,0.668906
1,rs11804831,1184667,0.489242
1,rs6689813,1200826,0.423545
1,rs6685064,1201155,0.548206
1,rs2144440,1209999,0.88577
1,rs12410087,1229798,0.220556
1,rs10907179,1244704,0.710474
1,rs307354,1254402,0.859832
1,rs3845295,1278446,0.856184
1,rs17160669,1295424,0.128711
1,rs2765033,1300787,0.644147
1,rs2649588,1303878,0.994157
1,rs17851391,1324338,0.171729
1,rs12089560,1346413,0.719569
1,rs873926,1356780,0.0759414
1,rs819980,1415563,0.215581
1,rs6690515,1437188,0.803994
1,rs9439462,1452629,0.710782
1,rs3766178,1468043,0.242823
1,rs2031709,1475847,0.470184
1,rs3128342,1476697,0.732458
1,rs880051,1483590,0.55387
1,rs2296716,1487687,0.585392
1,rs6603793,1495118,0.379625
1,rs7520996,1498897,0.407557
1,rs35672141,1680910,0.714498
1,rs6603811,1695996,0.850141
1,rs7531583,1696020,0.206491
1,rs742359,1704871,0.652966
1,rs16825336,1735586,0.979909
1,rs2180311,1738594,0.555102
1,rs6681938,1771080,0.617448
1,rs10907192,1782971,0.657385
1,rs4648592,1790894,0.562722
1,rs7525092,1799950,0.588745
1,rs2474460,1833906,0.67362
1,rs12758705,1863485,0.936085
1,rs2803329,1864441,0.484376
1,rs3820011,1878053,0.771149
1,rs2803291,1882185,0.895102
1,rs3795283,1906447,0.696539
1,rs6682175,1924507,0.372296
1,rs13303016,1936451,0.217077
1,rs6605074,1982608,0.0149645
1,rs2254669,1995968,0.0511549
1,rs2803310,2007157,0.10652
1,rs2459994,2013924,0.0200045
1,rs12755035,2016221,0.633414
1,rs884080,2016609,0.393892
1,rs908742,2023116,0.393194
1,rs4648808,2030796,0.393162
1,rs6603813,2032940,0.65424
1,rs3107151,2041373,0.516903
1,rs3128291,2047883,0.28743
1,rs3128296,2058766,0.728409
1,rs3753242,2059541,0.175745
1,rs424079,2061200,0.116269
1,rs262669,2072349,0.0996658
1,rs2257182,2072426,0.0933433
1,rs262654,2079386,0.154569
1,rs3052,2086498,0.755731
1,rs262688,2103425,0.14018
1,rs2460002,2109693,0.118292
1,rs12036736,2118508,0.912173
1,rs7512482,2136826,0.796092
1,rs262683,2145729,0.600161
1,rs2460000,2146222,0.141226
1,rs263526,2163364,0.0786614
1,rs10910034,2165898,0.167856
1,rs1713712,2166021,0.17872
1,rs260513,2170384,0.206298
1,rs260512,2172330,0.317178
1,rs10797417,2182293,0.69375
1,rs7547453,2184977,0.0807605
1,rs11588312,2188917,0.358645
1,rs6673129,2192634,0.940468
1,rs7553178,2194615,0.352648
1,rs4648819,2194650,0.914727
1,rs10910047,2201709,0.306034
1,rs12119470,2207960,0.675034
1,rs2017143,2210509,0.0463545
1,rs2643885,2211082,0.304037
1,rs903919,2212443,0.682529
1,rs884941,2213505,0.424694
1,rs884940,2213726,0.0774629
1,rs12743493,2214696,0.616569
1,rs10910050,2214736,0.750554
1,rs903916,2221323,0.44152
1,rs2279702,2224492,0.547107
1,rs2643904,2226557,0.621817
1,rs2173049,2229866,0.357484
1,rs2843157,2230243,0.226504
1,rs2645065,2251082,0.589597
1,rs903904,2253748,0.23967
1,rs2843143,2259808,0.275398
1,rs2843142,2259958,0.438836
1,rs2055204,2270521,0.816229
1,rs7527871,2271586,0.803272
1,rs4648831,2272977,0.501697
1,rs2840528,2273756,0.145194
1,rs2840530,2275590,0.577159
1,rs2645085,2277476,0.109545
1,rs903914,2279181,0.510514
1,rs2840542,2281540,0.320487
1,rs2643891,2282212,0.259144
1,rs7545940,2289487,0.597121
1,rs2840538,2289511,0.32557
1,rs6665546,2291551,0.902543
1,rs10910060,2292771,0.956957
1,rs10910061,2293372,0.129842
1,rs2279703,2296555,0.58892
1,rs7519807,2296832,0.956755
1,rs12033324,2297341,0.355543
1,rs2843160,2298942,0.973974
1,rs903901,2300053,0.204556
1,rs2643901,2304179,0.336706
1,rs2843127,2305577,0.375735
1,rs903903,2309288,0.760665
1,rs4648633,2310562,0.404819
1,rs1123571,2315869,0.175628
1,rs3736330,2316935,0.735248
1,rs2840532,2317675,0.404649
1,rs3001336,2322891,0.391402
1,rs1129333,2325536,0.358649
1,rs2494428,2328934,0.482055
1,rs12022929,2349841,0.394432
1,rs4531246,2351880,0.426733
1,rs4648843,2356176,0.244331
1,rs6659405,2362949,0.244925
1,rs10449222,2366593,0.411527
1,rs4443836,2367260,0.140204
1,rs35678459,2367650,0.470334
1,rs34241773,2367906,0.132029
1,rs11581548,2369108,0.168757
1,rs10910078,2380448,0.41512
1,rs2494626,2394116,0.0540715
1,rs13376356,2396747,0.323351
1,rs11588930,2398694,0.208499
1,rs12049628,2399136,0.439188
1,rs17373634,2413982,0.0862762
1,rs2477703,2415852,0.720625
1,rs3762444,2417572,0.756063
1,rs7535528,2434274,0.632034
1,rs2236395,2436740,0.50024
1,rs2246732,2440254,0.577167
1,rs2494606,2456493,0.981329
1,rs2147905,2472781,0.887178
1,rs2495365,2476391,0.713088
1,rs2234167,2480088,0.813632
1,rs6667605,2492640,0.79532
1,rs4310388,2497275,0.673158
1,rs734999,2503076,0.897913
1,rs10752747,2514775,0.901228
1,rs3748816,2516606,0.822046
1,rs12138909,2528598,0.541727
1,rs11590198,2541760,0.569562
1,rs3890745,2543484,0.84031
1,rs6698817,2554043,0.861301
1,rs4648499,2689509,0.187548
1,rs4648390,2690232,0.733238
1,rs7526311,2697298,0.529415
1,rs4648356,2699024,0.841005
1,rs2377041,2703187,0.568951
1,rs10909880,2717664,0.161787
1,rs10909890,2723447,0.277244
1,rs4609377,2735743,0.0354857
1,rs4648481,2739576,0.0685417
1,rs4648482,2739781,0.158281
1,rs6680471,2744372,0.024719
1,rs12409348,2768903,0.861814
1,rs897615,2776953,0.596818
1,rs10910019,2778968,0.317464
1,rs10797342,2787716,0.154931
1,rs2045333,2791319,0.869319
1,rs3100865,2795967,0.720392
1,rs1456465,2801674,0.478791
1,rs12035436,2813319,0.847143
1,rs880724,2815014,0.763198
1,rs1869970,2819411,0.447224
1,rs897634,2825552,0.623547
1,rs2045331,2832130,0.143421
1,rs2045332,2832179,0.135207
1,rs2606411,2837348,0.551731
1,rs4648441,2840041,0.913199
1,rs1473386,2842066,0.258657
1,rs10797368,2842567,0.347857
1,rs16823228,2843619,0.315403
1,rs2842906,2859773,0.84933
1,rs10909845,2866385,0.878898
1,rs11583804,2868226,0.606968
1,rs6659552,2869320,0.765555
1,rs878201,2869500,0.699989
1,rs2485944,2873718,0.896183
1,rs2485945,2873792,0.938787
1,rs12752801,2876326,0.855018
1,rs12044030,2879437,0.0440503
1,rs12046158,2881573,0.519794
1,rs7533362,2886595,0.104178
1,rs6681741,2888820,0.335175
1,rs1572657,2891988,0.84117
1,rs10909852,2895465,0.271855
1,rs2027262,2916239,0.689957
1,rs6685625,2917484,0.228186
1,rs7534897,2918281,0.437956
1,rs3795263,2928849,0.839148
1,rs7412983,2933043,0.960724
1,rs2142569,2934387,0.654643
1,rs10489588,2941694,0.947871
1,rs1109251,2963436,0.940971
1,rs2376821,2964712,0.431546
1,rs2297828,2973823,0.371016
1,rs2297829,2973947,0.400337
1,rs2993486,2983498,0.961302
1,rs1569419,2986462,0.977177
1,rs926246,2995991,0.692776
1,rs926244,2996143,0.905641
1,rs2817168,3003550,0.437359
1,rs2993493,3010106,0.980898
1,rs1890336,3014125,0.425251
1,rs4648453,3015572,0.428922
1,rs2993502,3017201,0.486593
1,rs6690373,3025087,0.0555048
1,rs2817178,3037112,0.0643012
1,rs2235176,3043966,0.303977
1,rs10797380,3045736,0.100935
1,rs7538096,3047521,0.794751
1,rs2651909,3051515,0.126762
1,rs2817185,3052221,0.149908
1,rs731031,3062552,0.55658
1,rs1798246,3070715,0.864899
1,rs2651899,3073572,0.628514
1,rs7518255,3076324,0.60871
1,rs2651936,3078602,0.478981
1,rs2817134,3088575,0.493471
1,rs2651929,3091213,0.118349
1,rs12135062,3093172,0.353579
1,rs10752733,3094490,0.490126
1,rs10737190,3098356,0.574735
1,rs7539775,3099011,0.685392
1,rs10492941,3116997,0.697744
1,rs10909901,3121095,0.236453
1,rs2817146,3123299,0.137316
1,rs12124147,3124191,0.547967
1,rs11804075,3130107,0.304149
1,rs16823542,3130324,0.475556
1,rs10909903,3131321,0.481384
1,rs1553288,3134605,0.821757
1,rs6424069,3136890,0.502416
1,rs2455118,3152069,0.76514
1,rs10797386,3158140,0.744167
1,rs4648464,3161789,0.484839
1,rs17398063,3162562,0.814312
1,rs3002685,3167340,0.992441
1,rs3002686,3167971,0.843989
1,rs2455099,3171275,0.872129
1,rs2455119,3174715,0.813982
1,rs10492940,3187607,0.567051
1,rs16823802,3189077,0.383588
1,rs905135,3189344,0.992574
1,rs12565013,3192997,0.347416
1,rs10909918,3198235,0.513073
1,rs12757342,3198690,0.45516
1,rs1553291,3199783,0.494659
1,rs4648468,3200810,0.725495
1,rs4648377,3201318,0.812318
1,rs2455144,3204592,0.178404
1,rs6670328,3209810,0.135613
1,rs2500278,3215800,0.192902
1,rs2483260,3217048,0.200728
1,rs12409345,3218775,0.152949
1,rs12743017,3219045,0.344744
1,rs16824089,3220404,0.439121
1,rs2500277,3223491,0.762014
1,rs2483266,3225901,0.333449
1,rs1108600,3230995,0.454565
1,rs2500271,3231689,0.747704
1,rs2483274,3237958,0.365176
1,rs2483275,3239102,0.958915
1,rs4494089,3244216,0.964184
1,rs1999527,3245968,0.926714
1,rs882430,3248973,0.898309
1,rs6683273,3249043,0.723735
1,rs2483286,3249229,0.831329
1,rs4415513,3251542,0.817349
1,rs4648380,3251785,0.77478
1,rs2483289,3254050,0.773977
1,rs2483256,3259688,0.783334
1,rs946758,3262923,0.353336
1,rs12748963,3265009,0.622024
1,rs2500286,3265998,0.856347
1,rs12073172,3266234,0.18135
1,rs17399569,3268819,0.883385
1,rs2500262,3269881,0.198078
1,rs4648485,3273388,0.135192
1,rs4648487,3275164,0.0451396
1,rs4648381,3275720,0.770245
1,rs12135987,3279384,0.338264
1,rs1333190,3279589,0.112451
1,rs1333189,3279831,0.238658
1,rs4648489,3283525,0.184942
1,rs2493310,3284282,0.807891
1,rs1538693,3284832,0.511334
1,rs12085231,3287498,0.891473
1,rs868688,3290667,0.125883
1,rs868689,3290990,0.252296
1,rs10492939,3292731,0.493194
1,rs10492938,3294196,0.310774
1,rs17399998,3294876,0.550748
1,rs2493278,3297606,0.18311
1,rs2493275,3297894,0.55646
1,rs871822,3302774,0.327552
1,rs17822581,3304456,0.501243
1,rs6424074,3307640,0.589615
1,rs11578011,3308392,0.517854
1,rs12024847,3310659,0.643607
1,rs870124,3318218,0.292352
1,rs2493292,3318519,0.445882
1,rs2493291,3319244,0.550414
1,rs2493285,3323455,0.248133
1,rs2483230,3324752,0.680767
1,rs1984069,3326060,0.927535
1,rs870171,3332664,0.579427
1,rs2493272,3339373,0.476782
1,rs2483250,3346265,0.274272
1,rs867814,3352116,0.809289
1,rs2487670,3358003,0.729248
1,rs12745860,3364220,0.699481
1,rs2487680,3367302,0.828022
1,rs2493254,3370417,0.783758
1,rs12562167,3371558,0.573763
1,rs2185639,3379587,0.846209
1,rs2493314,3390154,0.440622
1,rs4648505,3395156,0.729514
1,rs2821040,3396651,0.621205
1,rs12725009,3403857,0.284004
1,rs947344,3413327,0.00600634
1,rs11585362,3418468,0.0346269
1,rs12093117,3431124,0.198979
1,rs4648392,3436673,0.657776
1,rs10797400,3440497,0.90055
1,rs12119711,3440865,0.774446
1,rs9970944,3444452,0.993507
1,rs2821066,3445617,0.34464
1,rs4648524,3446452,0.972673
1,rs10737192,3446731,0.324421
1,rs6685801,3454311,0.686319
1,rs869697,3456573,0.915326
1,rs878063,3462788,0.546354
1,rs9628616,3463205,0.786218
1,rs2821063,3464486,0.856826
1,rs10909969,3470009,0.986817
1,rs12749547,3472448,0.655157
1,rs947354,3476986,0.502087
1,rs4431782,3480967,0.479846
1,rs2821054,3483710,0.377967
1,rs4648527,3497721,0.844599
1,rs6697749,3500493,0.454087
1,rs7544357,3501155,0.8496
1,rs2821025,3502376,0.854895
1,rs2821023,3502660,0.85143
1,rs2821017,3510731,0.460648
1,rs4648398,3521455,0.0894349
1,rs4648538,3533353,0.6573
1,rs4276857,3534206,0.841253
1,rs2821007,3536795,0.337773
1,rs2760321,3537996,0.862003
1,rs2181484,3562634,0.117221
1,rs4648545,3567181,0.756761
1,rs3765692,3574631,0.209418
1,rs7523732,3574901,0.587175
1,rs3765696,3577365,0.989159
1,rs3765703,3582296,0.42402
1,rs3765705,3586877,0.971184
1,rs3765713,3590983,0.224682
1,rs3765731,3601752,0.357201
1,rs3765736,3606461,0.0438794
1,rs3765761,3620336,0.945907
1,rs3753211,3622468,0.876043
1,rs3765766,3624520,0.218081
1,rs3765770,3625841,0.856363
1,rs747827,3626207,0.885453
1,rs12731705,3627319,0.427321
1,rs1885865,3636151,0.904996
1,rs4648553,3638739,0.47534
1,rs1181868,3640986,0.607482
1,rs12117836,3647619,0.169328
1,rs3737589,3652705,0.180633
1,rs1181888,3661651,0.552138
1,rs12128669,3665937,0.0522869
1,rs1181883,3667793,0.129108
1,rs10910024,3669635,0.188005
1,rs1181877,3670589,0.183567
1,rs1181876,3671541,0.274194
1,rs1181875,3671691,0.280915
1,rs10910025,3674045,0.682727
1,rs2275819,3679268,0.12432
1,rs1175549,3681587,0.118425
1,rs3737593,3686396,0.717495
1,rs8520,3686997,0.865197
1,rs6667255,3701549,0.150418
1,rs6702935,3722567,0.631469
1,rs2027548,3729372,0.0580198
1,rs4648344,3732992,0.232724
1,rs6663840,3733179,0.346669
1,rs2275831,3735784,0.0559549
1,rs7535133,3738373,0.967908
1,rs7535887,3746353,0.0446864
1,rs10492943,3755284,0.479012
1,rs4648347,3755615,0.309526
1,rs6683156,3756301,0.792753
1,rs4648426,3762949,0.991691
1,rs10797348,3770956,0.354721
1,rs12738235,3776105,0.569693
1,rs6670527,3777609,0.476887
1,rs12756705,3779712,0.570955
1,rs4074709,3786808,0.521132
1,rs4073324,3787855,0.619558
1,rs3205087,3790102,0.483212
1,rs7367066,3793615,0.877948
1,rs4131373,3797248,0.683284
1,rs11807227,3799283,0.604048
1,rs12082157,3801670,0.739721
1,rs6687869,3811076,0.536512
1,rs11589102,3811642,0.697089
1,rs6695346,3896806,0.943663
1,rs12724233,3902692,0.567418
1,rs11583257,3904110,0.998756
1,rs11585024,3904905,0.900044
1,rs7519349,3906868,0.803283
1,rs7519458,3906970,0.725313
1,rs10737395,3907418,0.488841
1,rs10799181,3908931,0.89265
1,rs4654479,3909554,0.287973
1,rs4654480,3909653,0.980358
1,rs6661168,3909816,0.35898
1,rs4654482,3910603,0.0967777
1,rs11590912,3912332,0.708414
1,rs10799202,3913478,0.427316
1,rs12119556,3913814,0.091778
1,rs10915433,3913951,0.54008
1,rs6681347,3915242,0.940364
1,rs4654493,3916794,0.966213
1,rs7522140,3916997,0.747608
1,rs10915469,3922325,0.712911
1,rs12031557,3933957,0.195403
1,rs4654428,3939005,0.720688
1,rs11587331,3939756,0.80313
1,rs4654525,3940015,0.948251
1,rs12038964,3953295,0.896257
1,rs6691155,3953927,0.934063
1,rs12135298,3957348,0.964032
1,rs12045781,3961468,0.305933
1,rs12722968,3965208,0.405632
1,rs4378174,3980745,0.0625292
1,rs7418256,3984164,0.0502383
1,rs12080516,3989473,0.143775
1,rs12068729,3991510,0.144483
1,rs12036953,4004617,0.0119054
1,rs10915318,4004999,0.0377444
1,rs12749761,4011047,0.0432752
1,rs10915360,4017414,0.549361
1,rs12745618,4019438,0.150573
1,rs9792946,4019522,0.866126
1,rs7514530,4020171,0.267824
1,rs10915373,4020965,0.192547
1,rs7524800,4021444,0.211563
1,rs10799180,4022324,0.665346
1,rs6669278,4022959,0.426341
1,rs10753358,4028383,0.133998
1,rs4391636,4030544,0.0197052
1,rs3936238,4031586,0.107841
1,rs12093951,4032082,0.713094
1,rs4436359,4039890,0.686831
1,rs10915421,4045475,0.191472
1,rs10915423,4045888,0.811191
1,rs10915424,4046229,0.189659
1,rs4462110,4052575,0.744225
1,rs4481820,4052788,0.831915
1,rs6676961,4052947,0.443803
1,rs10915428,4058815,0.0309397
1,rs12077262,4069908,0.388476
1,rs7548756,4070109,0.737686
1,rs10915434,4073976,0.360196
1,rs10737402,4078163,0.0353092
1,rs12040805,4080702,0.952023
1,rs4654487,4087812,0.183762
1,rs4131507,4094572,0.917036
1,rs6702633,4096895,0.882044
1,rs10915445,4097502,0.8596
1,rs16840831,4100029,0.914889
1,rs16840838,4101209,0.182541
1,rs4654492,4101675,0.413887
1,rs7542208,4102678,0.911423
1,rs9426471,4106070,0.697448
1,rs10915448,4107385,0.921814
1,rs6683453,4110262,0.645778
1,rs12062122,4113891,0.722381
1,rs9988443,4116025,0.57792
1,rs4609397,4116722,0.712491
1,rs4614226,4121459,0.52218
1,rs12123330,4127324,0.817623
1,rs10915459,4130323,0.0783501
1,rs4233262,4136842,0.0429708
1,rs4654418,4138888,0.142551
1,rs6667065,4160278,0.546238
1,rs10158783,4163379,0.14365
1,rs6426402,4169351,0.839083
1,rs12022636,4171386,0.340284
1,rs10915478,4176763,0.282564
1,rs4654424,4181318,0.579037
1,rs11579829,4182646,0.424272
1,rs1874266,4188412,0.651394
1,rs10915480,4188663,0.243527
1,rs10753374,4188905,0.363392
1,rs7541544,4191702,0.781412
1,rs12071761,4193752,0.342287
1,rs4512614,4193860,0.226672
1,rs12132422,4195164,0.904611
1,rs7517989,4199587,0.587846
1,rs6426408,4200666,0.45882
1,rs1908490,4212065,0.863692
1,rs966321,4215064,0.94745
1,rs964715,4216644,0.701803
1,rs1495250,4217111,0.646444
1,rs10799220,4222962,0.593895
1,rs2411738,4226228,0.802744
1,rs10915494,4228336,0.954774
1,rs6677984,4230147,0.795759
1,rs17407901,4241377,0.418743
1,rs1390136,4241703,0.872394
1,rs12562995,4259026,0.211155
1,rs693734,4264086,0.507631
1,rs351623,4266750,0.110362
1,rs351617,4268811,0.509589
1,rs1495239,4269934,0.469163
1,rs351615,4270245,0.114464
1,rs12073612,4270349,0.674597
1,rs1353341,4272852,0.114334
1,rs10915509,4275719,0.901022
1,rs3912751,4276676,0.909252
1,rs12408012,4279547,0.589701
1,rs2171985,4281113,0.0408031
1,rs351605,4282649,0.176111
1,rs351608,4284633,0.299461
1,rs639739,4289122,0.715161
1,rs684965,4297388,0.506494
1,rs589585,4297875,0.816163
1,rs11587563,4301310,0.591484
1,rs488256,4301423,0.417328
1,rs16838750,4304204,0.193462
1,rs11589129,4304274,0.602827
1,rs10799228,4305858,0.191362
1,rs600933,4309356,0.771804
1,rs480106,4311711,0.786062
1,rs1531328,4318024,0.239497
1,rs349394,4319314,0.844144
1,rs12025694,4320369,0.261176
1,rs349390,4323756,0.437318
1,rs16838813,4324005,0.109996
1,rs75411,4325274,0.320955
1,rs12404619,4325945,0.13203
1,rs1845635,4340949,0.662349
1,rs239339,4344399,0.366746
1,rs7418714,4346856,0.705174
1,rs349416,4355556,0.690072
1,rs10915522,4355993,0.77726
1,rs12044775,4358582,0.0830086
1,rs16838950,4361114,0.0830086
1,rs12047204,4368607,0.0812981
1,rs547923,4368744,0.336935
1,rs10915528,4371234,0.780461
1,rs349403,4373862,0.503913
1,rs4654432,4381075,0.422086
1,rs2035010,4386382,0.312824
1,rs6678792,4389258,0.182781
1,rs10915533,4389389,0.507357
1,rs10915535,4391320,0.626489
1,rs12128076,4392840,0.564672
1,rs1556691,4393075,0.457878
1,rs7546628,4395147,0.878773
1,rs1762814,4396116,0.558763
1,rs1674877,4396519,0.623648
1,rs6660514,4396978,0.758184
1,rs12128230,4401771,0.9229
1,rs780586,4404787,0.916769
1,rs10915541,4405372,0.973023
1,rs780587,4405826,0.232843
1,rs2054269,4409197,0.942254
1,rs705685,4410700,0.728805
1,rs922114,4411281,0.978173
1,rs12407583,4413754,0.479802
1,rs11584026,4414313,0.9687
1,rs664520,4423217,0.645874
1,rs4654545,4425464,0.847578
1,rs12140626,4433492,0.180149
1,rs10047182,4434181,0.32252
1,rs12143782,4434210,0.188455
1,rs7541288,4435008,0.15112
1,rs6426417,4436536,0.635436
1,rs1037800,4440655,0.598086
1,rs11799990,4441250,0.315003
1,rs6656245,4443523,0.891737
1,rs350170,4444038,0.383193
1,rs350171,4444653,0.327941
1,rs350181,4447948,0.0898403
1,rs350187,4449793,0.0988017
1,rs1878052,4452662,0.182456
1,rs350193,4454074,0.253695
1,rs609506,4458793,0.824235
1,rs9660574,4460265,0.358761
1,rs582598,4461822,0.285534
1,rs660100,4462210,0.152698
1,rs4654548,4462336,0.30119
1,rs6681032,4462989,0.417671
1,rs350165,4464544,0.261711
1,rs1870509,4466655,0.54035
1,rs10799241,4469407,0.101008
1,rs4654552,4470842,0.047028
1,rs1710415,4471600,0.61207
1,rs1762826,4472638,0.364334
1,rs4480324,4472959,0.10638
1,rs1710421,4473849,0.376591
1,rs6703696,4478355,0.227156
1,rs12039682,4481090,0.0667106
1,rs12039710,4481198,0.0647964
1,rs780983,4486466,0.51647
1,rs241239,4487037,0.271732
1,rs241238,4487379,0.34063
1,rs241233,4490410,0.161348
1,rs241230,4491976,0.661231
1,rs592726,4499103,0.180993
1,rs241219,4506052,0.167533
1,rs12092980,4506331,0.325807
1,rs241221,4508910,0.423817
1,rs7549444,4511295,0.46396
1,rs171319,4514873,0.323709
1,rs6685798,4518111,0.714409
1,rs916408,4518139,0.997157
1,rs241264,4518898,0.084012
1,rs241266,4520150,0.841849
1,rs10915560,4520783,0.83834
1,rs12120353,4520856,0.90255
1,rs16839306,4521535,0.0128508
1,rs977271,4525556,0.43845
1,rs241273,4526937,0.662481
1,rs241211,4532388,0.0225632
1,rs1541318,4534838,0.638346
1,rs1157688,4536627,4.75285e-05
1,rs1024139,4540762,0.041048
1,rs2078573,4543292,0.484863
1,rs10915566,4548640,0.216791
1,rs1849943,4549176,0.568694
1,rs164771,4553625,0.00920216
1,rs526695,4556909,0.146916
1,rs12567277,4558398,0.00699938
1,rs618751,4562392,0.0644375
1,rs3896439,4568530,0.0796925
1,rs10489133,4573797,0.100242
1,rs6668002,4581964,0.624849
1,rs6674936,4584165,0.360421
1,rs875807,4585532,0.717802
1,rs2269620,4587142,0.639827
1,rs4654576,4587674,0.924846
1,rs7527078,4590753,0.243025
1,rs12405615,4594458,0.792094
1,rs2071967,4595952,0.258149
1,rs12122754,4598419,0.0795212
1,rs10915575,4601118,0.439165
1,rs2035453,4604815,0.171382
1,rs4654454,4608022,0.953721
1,rs10915577,4610346,0.683918
1,rs1483198,4617251,0.544392
1,rs12408160,4622906,0.809168
1,rs12083131,4623678,0.0480416
1,rs17421247,4624817,0.346766
1,rs11588149,4625356,0.0185546
1,rs12567266,4626314,0.0816388
1,rs6658098,4626946,0.0859237
1,rs12141394,4630977,0.885612
1,rs4144452,4631448,0.455985
1,rs11587129,4631788,0.37812
1,rs1564667,4632333,0.253077
1,rs16839450,4637391,0.640872
1,rs2071990,4637918,0.753166
1,rs2071995,4638538,0.325033
1,rs10799257,4639178,0.897003
1,rs763238,4643564,0.547165
1,rs17344940,4644066,0.597417
1,rs10915587,4646496,0.133555
1,rs12747700,4647597,0.100561
1,rs1076944,4648165,0.182684
1,rs242052,4650890,0.471321
1,rs7525374,4653917,0.950314
1,rs7518469,4656136,0.134444
1,rs6681520,4663261,0.199827
1,rs4654593,4669685,0.0250619
1,rs242056,4672577,0.28578
1,rs242058,4674298,0.0643443
1,rs3820251,4681011,0.777745
1,rs3820252,4684416,0.799773
1,rs3820253,4684744,0.52822
1,rs242044,4686979,0.189127
1,rs242050,4689039,0.511809
1,rs446529,4695274,0.658111
1,rs3753702,4699060,0.556174
1,rs4654598,4704202,0.626126
1,rs364642,4710412,0.718454
1,rs428001,4714260,0.324448
1,rs397559,4720659,0.208356
1,rs12119789,4723352,0.442278
1,rs12066439,4724171,0.14119
1,rs424723,4724602,0.0583262
1,rs2743979,4725012,0.0639583
1,rs423285,4730936,0.114903
1,rs396112,4731180,0.180041
1,rs3766977,4733358,0.91333
1,rs399377,4735235,0.190916
1,rs414909,4738101,0.222419
1,rs9426506,4744236,0.112279
1,rs11805709,4747454,0.239078
1,rs2235443,4751163,0.511643
1,rs2411894,4752767,0.43031
1,rs4654607,4761020,0.438103
1,rs12410445,4767710,0.279655
1,rs10799262,4772431,0.427407
1,rs10915612,4772916,0.855717
1,rs10915613,4774365,0.413796
1,rs1120120,4778731,0.797305
1,rs12122126,4781127,0.352231
1,rs10915621,4785546,0.305525
1,rs12026226,4787770,0.761955
1,rs2181699,4787872,0.414763
1,rs2025378,4791596,0.407059
1,rs7527319,4801597,0.271969
1,rs10915626,4806643,0.663726
1,rs6683849,4808761,0.22645
1,rs6426440,4814770,0.448547
1,rs10915644,4827658,0.460078
1,rs1886112,4830041,0.188311
1,rs1544062,4851649,0.336298
1,rs4654619,4852515,0.833583
1,rs6664880,4852648,0.576696
1,rs4654465,4854635,0.421421
1,rs6426446,4855722,0.265354
1,rs2031246,4859646,0.387011
1,rs1998542,4860771,0.56165
1,rs1980722,4863865,0.439373
1,rs17345545,4865012,0.590791
1,rs4654468,4865491,0.518818
1,rs10753392,4869610,0.887252
1,rs10753394,4869802,0.870575
1,rs11805753,4872967,0.709471
1,rs10915668,4873161,0.882048
1,rs10915670,4875277,0.390986
1,rs10157835,4875425,0.481853
1,rs12035499,4880552,0.273049
1,rs11585268,4880967,0.646747
1,rs942245,4881363,0.708205
1,rs2898850,4881467,0.318208
1,rs4141867,4883658,0.732873
1,rs6702564,4883885,0.287987
1,rs2093763,4884997,0.0807579
1,rs6666453,4887284,0.760768
1,rs11584727,4888122,0.306518
1,rs10799275,4888166,0.23484
1,rs2898853,4892064,0.825255
1,rs12409253,4894312,0.82227
1,rs10915683,4896045,0.910109
1,rs4654470,4896086,0.676206
1,rs12040043,4896632,0.381883
1,rs9426467,4897223,0.310196
1,rs4654471,4899946,0.679064
1,rs10915295,4901348,0.547989
1,rs12042532,4901913,0.341609
1,rs7555212,4902227,0.969614
1,rs6669905,4902573,0.869353
1,rs9286971,4903364,0.608777
1,rs10915297,4910002,0.417995
1,rs7522655,4911898,0.867091
1,rs12410485,4912215,0.438431
1,rs6692780,4914443,0.894373
1,rs12029491,4917512,0.414127
1,rs12126932,4919413,0.178014
1,rs10799145,4921060,0.0354695
1,rs12754637,4923181,0.24703
1,rs6702660,4923290,0.3012
1,rs3101219,4924920,0.714761
1,rs6426375,4927339,0.639196
1,rs10799149,4931239,0.65588
1,rs6665175,4935797,0.902168
1,rs12757902,4936094,0.987867
1,rs6666330,4937672,0.0597254
1,rs6657381,4938953,0.157203
1,rs1563791,4943594,0.258268
1,rs7365286,4947023,0.0990609
1,rs10737392,4948794,0.335692
1,rs12725971,4951092,0.612978
1,rs6683624,4951570,0.0490634
1,rs12116428,4954210,0.58072
1,rs1380469,4961077,0.250434
1,rs1380470,4965577,0.14432
1,rs9662885,4966065,0.753213
1,rs10915310,4968070,0.900482
1,rs10915311,4968815,0.336145
1,rs12047764,4977412,0.335701
1,rs10915315,4978209,0.119272
1,rs1459765,4987922,0.106711
1,rs2169089,4988477,0.126891
1,rs720318,4988854,0.946748
1,rs9439507,4990857,0.812189
1,rs1459761,5000551,0.497821
1,rs4949162,5000743,0.829517
1,rs1459760,5003897,0.594564
1,rs10799157,5013771,0.704501
1,rs10915329,5013962,0.584141
1,rs10915330,5017275,0.915347
1,rs1563792,5024719,0.88271
1,rs11590026,5040086,0.138895
1,rs3128689,5041500,0.932097
1,rs6680801,5044926,0.140487
1,rs2290849,5051105,0.565651
1,rs3101225,5056105,0.617172
1,rs2242157,5060522,0.628473
1,rs1459766,5060591,0.190777
1,rs2169090,5064284,0.6271
1,rs10733013,5068523,0.984916
1,rs2722784,5069164,0.147615
1,rs7513590,5070572,0.921781
1,rs10737396,5081475,0.661691
1,rs2722793,5083937,0.537552
1,rs6674378,5086107,0.327714
1,rs17374719,5089502,0.0939278
1,rs16840020,5094064,0.0775114
1,rs12409689,5095111,0.31311
1,rs10492925,5095231,0.170983
1,rs9439506,5096599,0.160373
1,rs12743573,5104024,0.409867
1,rs12121369,5109984,0.0702923
1,rs10753353,5110994,0.807899
1,rs10799174,5117504,0.0228559
1,rs9439511,5118461,0.00701393
1,rs4512698,5125012,0.425888
1,rs12026977,5131030,0.710855
1,rs9286977,5133144,0.0390578
1,rs6698702,5135970,0.847935
1,rs7547229,5140071,0.0326141
1,rs4641339,5143708,0.63116
1,rs17366838,5146486,0.957432
1,rs6669501,5146701,0.00891293
1,rs10492930,5146942,0.0134413
1,rs10492931,5147215,0.0239712
1,rs17375504,5151429,0.986496
1,rs7536712,5153524,0.00164012
1,rs7528871,5158955,0.102781
1,rs2679218,5162761,0.0329421
1,rs10915379,5169100,0.756982
1,rs12140099,5170137,0.086485
1,rs2883104,5177299,0.180825
1,rs16840183,5180362,0.134713
1,rs7549461,5180977,0.0905805
1,rs16840190,5182586,0.173365
1,rs938962,5183802,0.163956
1,rs12024316,5183883,0.20334
1,rs12067876,5185143,0.967106
1,rs4259664,5186968,0.538725
1,rs677735,5195036,0.331936
1,rs2353169,5196704,0.627491
1,rs473104,5197705,0.571853
1,rs12026938,5198350,0.0943149
1,rs551536,5198919,0.865824
1,rs480807,5203231,0.469787
1,rs673451,5205224,0.603852
1,rs521430,5206936,0.56869
1,rs640254,5208405,0.404618
1,rs7534404,5209115,0.895881
1,rs12135834,5209527,0.693138
1,rs4465222,5210118,0.101771
1,rs4475768,5212025,0.804739
1,rs670971,5212168,0.905987
1,rs494046,5212226,0.387381
1,rs6703948,5213305,0.301302
1,rs12091281,5214597,0.321447
1,rs632798,5220394,0.294283
1,rs630153,5220999,0.774343
1,rs499416,5224091,0.268913
1,rs11808981,5233200,0.997657
1,rs11800907,5233244,0.949416
1,rs12747870,5234751,0.873348
1,rs4847576,5235459,0.936597
1,rs490606,5237704,0.698797
1,rs10492935,5241092,0.871462
1,rs17423547,5241324,0.571734
1,rs604664,5242892,0.35051
1,rs10915403,5243416,0.902092
1,rs557477,5246334,0.702555
1,rs10915406,5249476,0.117114
1,rs10753360,5253754,0.186497
1,rs932789,5254224,0.179131
1,rs912988,5254704,0.173
1,rs912991,5258244,0.0896555
1,rs11579000,5262205,0.603395
1,rs12040942,5271019,0.218892
1,rs2148210,5278276,0.571551
1,rs4847569,5279484,0.589974
1,rs1570964,5284018,0.288162
1,rs11576325,5290332,0.441397
1,rs9439570,5295270,0.465191
1,rs1326005,5303445,0.196481
1,rs12738923,5315744,0.639195
1,rs7525683,5321657,0.426346
1,rs6681674,5324234,0.214523
1,rs11583605,5324969,0.333346
1,rs11801594,5325970,0.480186
1,rs7368252,5386919,0.27649
1,rs7418357,5394104,0.809122
1,rs3924260,5402448,0.994888
1,rs11260657,5404973,0.277671
1,rs3922826,5407764,0.614323
1,rs12735700,5412454,0.0741679
1,rs7415936,5414088,0.40943
1,rs10907211,5414630,0.142583
1,rs10907214,5427140,0.368234
1,rs7513309,5434580,0.0261476
1,rs11260694,5436781,0.187275
1,rs11260696,5444641,0.797229
1,rs7536506,5451104,0.663208
1,rs7414864,5456913,0.789787
1,rs2012852,5463792,0.52872
1,rs10796404,5465256,0.976813
1,rs17345621,5467983,0.842009
1,rs9729637,5468039,0.818765
1,rs9786944,5471099,0.65971
1,rs11260698,5472112,0.809796
1,rs12120052,5473820,0.971743
1,rs10907219,5476057,0.873213
1,rs2071956,5478006,0.889287
1,rs2071959,5478654,0.999019
1,rs1573738,5483816,0.841928
1,rs9661310,5483999,0.645147
1,rs916374,5487704,0.549131
1,rs12027231,5488881,0.585704
1,rs12128558,5492078,0.530267
1,rs9729649,5494891,0.278981
1,rs10796400,5502779,0.513452
1,rs10737109,5515009,0.485811
1,rs2153900,5517324,0.634849
1,rs1342691,5519656,0.558597
1,rs7515958,5526437,0.341081
1,rs11799884,5529057,0.994427
1,rs1935762,5539417,0.98892
1,rs11803192,5546270,0.935268
1,rs6687987,5547116,0.087351
1,rs6679096,5548075,0.881461
1,rs6673119,5548153,0.900617
1,rs4845835,5550499,0.772631
1,rs7522344,5557903,0.490573
1,rs1775403,5559319,0.886288
1,rs1775421,5564169,0.0787831
1,rs1818038,5565098,0.690068
1,rs10907200,5568589,0.2711
1,rs1775416,5568851,0.121153
1,rs4845807,5576131,0.254264
1,rs10907201,5580854,0.930627
1,rs12139270,5581006,0.0107919
1,rs950601,5582174,0.0552306
1,rs707582,5594373,0.226786
